id,first_name,last_name,company_name,address,city,country,postcode,phone,email,web
1,Lorinda,Emps,Lajo,14th Floor,London,United Kingdom,SW1E,264-401-5440,lemps0@hotmail.com,207.168.11.63
2,Rodrigo,O'Cridigan,Teklist,Apt 29,Sheffield,United Kingdom,S1,874-301-0452,rocridigan1@hotmail.com,216.211.78.86
3,Clarissa,Whiley,Jetwire,8th Floor,Normanton,United Kingdom,LE15,961-380-6866,cwhiley2@gmail.com,36.246.99.142
4,Roarke,Jaques,Feedmix,6th Floor,Norton,United Kingdom,S8,173-492-0198,rjaques3@outlook.com,182.115.219.201
5,Anson,Extance,Jatri,Room 1309,Halton,United Kingdom,LS9,657-739-0382,aextance4@gmail.com,234.173.129.211
6,Glenn,Howood,Eare,Room 1091,Craigavon,United Kingdom,BT66,401-403-9043,ghowood5@outlook.com,92.57.129.49
7,Gail,Polo,Babbleset,PO Box 3844,Bradford,United Kingdom,BD7,737-738-8599,gpolo6@outlook.com,101.241.177.150
8,Harmony,Maddrah,Meembee,Room 182,Newport,United Kingdom,NR29,768-956-1242,hmaddrah7@company.com,20.162.240.46
9,Adora,Silby,Muxo,PO Box 51777,Dean,United Kingdom,OX7,618-423-8928,asilby8@Muxo.com,58.222.112.150
10,Monro,Rustedge,Youspan,PO Box 54792,Birmingham,United Kingdom,B40,877-785-2719,mrustedge9@Youspan.com,219.148.41.32
11,Randal,Pyzer,Viva,16th Floor,Newbiggin,United Kingdom,NE46,526-392-4356,rpyzera@hotmail.com,135.145.106.115
12,Lawry,Bernade,Photobean,Room 624,Wirral,United Kingdom,CH48,182-792-3222,lbernadeb@hotmail.com,47.116.154.131
13,Gillie,Fairbrace,Ntag,Room 285,East End,United Kingdom,BH21,571-596-4702,gfairbracec@gmail.com,138.151.49.76
14,Brendis,Scourfield,Trudoo,14th Floor,West End,United Kingdom,DN36,209-814-2426,bscourfieldd@outlook.com,87.234.10.67
15,Julissa,Runnicles,Yabox,19th Floor,Newton,United Kingdom,NG34,733-988-8692,jrunniclese@gmail.com,115.72.9.211
16,Cynthy,Rycroft,Centidel,Suite 99,Middleton,United Kingdom,LE16,222-873-6571,crycroftf@outlook.com,39.127.24.9
17,Juliana,Hullbrook,Youbridge,Suite 19,Sutton,United Kingdom,CT15,158-736-4868,jhullbrookg@outlook.com,90.92.60.229
18,Marrilee,Tindall,Avamba,PO Box 2341,Horton,United Kingdom,BS37,604-556-1890,mtindallh@company.com,62.155.35.112
19,Debra,Voules,Topiczoom,Apt 741,Linton,United Kingdom,BD23,538-487-0230,dvoulesi@Topiczoom.com,178.65.63.161
20,Sharla,Wedlake,Twitterwire,1st Floor,Horton,United Kingdom,BS37,873-334-6087,swedlakej@Twitterwire.com,177.18.154.55
21,Adolphus,Linny,Voonder,Apt 1437,Walton,United Kingdom,CV35,522-906-5044,alinnyk@hotmail.com,195.250.245.204
22,Agna,Stride,Zoomcast,PO Box 47843,Glasgow,United Kingdom,G4,589-113-6564,astridel@hotmail.com,220.47.23.241
23,Theodora,Dober,Jazzy,17th Floor,Seaton,United Kingdom,LE15,291-655-8556,tdoberm@gmail.com,9.169.78.213
24,Kathrine,Schettini,Quimba,PO Box 26524,Milton,United Kingdom,AB56,346-119-8587,kschettinin@outlook.com,29.96.127.158
25,Weidar,Ledner,Dabvine,Apt 1887,Swindon,United Kingdom,SN1,894-186-3660,wlednero@gmail.com,191.82.131.221
26,Arin,Gatecliff,Aimbu,Room 384,London,United Kingdom,SW1E,190-991-7962,agatecliffp@outlook.com,52.198.186.92
27,Darius,Smithin,Zooveo,Apt 565,Thorpe,United Kingdom,BD23,288-113-6589,dsmithinq@outlook.com,74.180.26.123
28,Charlena,McPheat,Skynoodle,PO Box 74135,Leeds,United Kingdom,LS6,664-278-8186,cmcpheatr@company.com,3.214.61.101
29,Garnet,Mundy,Demimbu,Apt 1660,Liverpool,United Kingdom,L74,524-343-2197,gmundys@Demimbu.com,202.97.56.156
30,Ilario,Gonthier,Gigaclub,Room 1816,Upton,United Kingdom,DN21,492-251-7933,igonthiert@Gigaclub.com,29.171.32.19
31,Marie-jeanne,Ferns,Thoughtstorm,Room 1404,Burnside,United Kingdom,EH52,556-839-6967,mfernsu@hotmail.com,96.184.198.222
32,Demetre,Kohnemann,Dablist,10th Floor,Leeds,United Kingdom,LS6,674-473-8710,dkohnemannv@hotmail.com,174.213.49.42
33,Rana,MacKeogh,Trudoo,Suite 56,Milton,United Kingdom,NG22,691-405-7781,rmackeoghw@gmail.com,125.209.234.64
34,Allene,Geikie,Linktype,Room 1495,Weston,United Kingdom,GU32,378-257-5435,ageikiex@outlook.com,194.21.66.252
35,Jobye,Trewhella,Kwideo,Room 1172,Bristol,United Kingdom,BS41,593-865-9547,jtrewhellay@hotmail.com,136.210.69.46
36,Ethelred,Posnett,Jabbercube,Apt 1476,Swindon,United Kingdom,SN1,553-843-3015,eposnettz@hotmail.com,193.83.156.56
37,Beaufort,Girvan,Jayo,Apt 1417,Dean,United Kingdom,OX7,922-667-7228,bgirvan10@gmail.com,153.57.157.129
38,Dallis,Breache,Brightbean,PO Box 15996,Stapleford,United Kingdom,LN6,517-908-6188,dbreache11@outlook.com,37.107.2.97
39,Grady,Aitken,Eadel,Apt 43,Ford,United Kingdom,GL54,716-592-8536,gaitken12@gmail.com,133.12.199.84
40,Mady,Schoroder,Meembee,Suite 22,Whitchurch,United Kingdom,BS14,667-906-3820,mschoroder13@outlook.com,152.81.200.75
41,Bernie,Warlock,Livepath,Suite 20,Bristol,United Kingdom,BS41,251-412-3313,bwarlock14@outlook.com,4.63.61.117
42,Tristam,Burchess,Camimbo,PO Box 22783,Aston,United Kingdom,TF6,748-602-8814,tburchess15@company.com,67.112.159.21
43,Timmie,Linay,Centizu,PO Box 55418,Walton,United Kingdom,CV35,641-713-1655,tlinay16@Centizu.com,143.38.142.138
44,Hyacintha,Olivey,Skynoodle,Suite 77,Seaton,United Kingdom,LE15,367-449-2015,holivey17@Skynoodle.com,125.126.242.201
45,Rogerio,Comar,Dynazzy,Apt 343,London,United Kingdom,SW1E,328-685-3190,rcomar18@hotmail.com,160.141.200.156
46,Mureil,Murray,Cogilith,PO Box 79673,Church End,United Kingdom,CB4,681-924-7952,mmurray19@hotmail.com,183.134.102.180
47,Shalne,Baron,Abatz,Suite 100,Bradford,United Kingdom,BD7,256-205-5628,sbaron1a@gmail.com,90.53.207.146
48,Massimo,Ebsworth,Vinder,Room 1836,Birmingham,United Kingdom,B40,338-252-2373,mebsworth1b@outlook.com,34.105.208.63
49,Tuesday,Pearne,Eimbee,PO Box 99462,Newton,United Kingdom,NG34,526-541-6228,tpearne1c@gmail.com,157.187.100.84
50,Maiga,Sheed,Brightdog,Apt 584,Thorpe,United Kingdom,BD23,701-800-8887,msheed1d@outlook.com,229.147.213.58
51,Cozmo,Powrie,Feedspan,Room 893,Dean,United Kingdom,OX7,747-934-4922,cpowrie1e@outlook.com,26.67.243.203
52,Nessie,Lockery,Muxo,1st Floor,Norton,United Kingdom,S8,642-734-2266,nlockery1f@company.com,230.67.238.199
53,Aprilette,Schuler,Skippad,Suite 65,Kinloch,United Kingdom,PH43,747-156-9028,aschuler1g@Skippad.com,179.218.188.88
54,Arvie,Chelam,Rhynoodle,Room 1505,Tullich,United Kingdom,AB55,273-625-4338,achelam1h@Rhynoodle.com,173.68.229.217
55,Allis,Bertson,Topdrive,Room 157,Kinloch,United Kingdom,PH43,928-396-8991,abertson1i@hotmail.com,43.48.57.251
56,Chrotoem,Craig,Kayveo,12th Floor,Sheffield,United Kingdom,S33,974-257-6411,ccraig1j@hotmail.com,41.231.191.29
57,Jami,Barwis,Buzzshare,16th Floor,Liverpool,United Kingdom,L33,767-967-0995,jbarwis1k@gmail.com,36.125.80.171
58,Vicky,Leitche,Livefish,Suite 30,Leeds,United Kingdom,LS6,158-557-1858,vleitche1l@outlook.com,115.42.17.142
59,Jacquenette,Hyde,Realmix,Suite 45,Ford,United Kingdom,GL54,702-169-1421,jhyde1m@gmail.com,193.248.190.163
60,Elissa,McIlvenny,Mydeo,PO Box 85023,Church End,United Kingdom,CB4,383-206-5919,emcilvenny1n@outlook.com,78.99.226.244
61,Aprilette,Kalf,Twitterlist,Suite 2,Kirkton,United Kingdom,KW10,302-210-9913,akalf1o@outlook.com,148.146.110.34
62,Auberon,Wickwar,Zoomcast,Suite 63,Aberdeen,United Kingdom,AB39,546-963-8031,awickwar1p@company.com,46.103.91.96
63,Meggie,Smallpeace,Eamia,Apt 1170,London,United Kingdom,WC2H,768-303-5570,msmallpeace1q@Eamia.com,138.20.225.236
64,Junie,Aveson,Centidel,Room 1074,Bristol,United Kingdom,BS41,823-509-9419,javeson1r@Centidel.com,22.209.70.206
65,Jonis,Batalini,Miboo,Room 1788,Walton,United Kingdom,CV35,491-533-2984,jbatalini1s@hotmail.com,147.33.16.71
66,Randolph,Ody,Trupe,Room 1342,Milton,United Kingdom,AB56,346-166-2925,rody1t@hotmail.com,176.242.11.190
67,Jo-anne,Onge,Zoonoodle,12th Floor,London,United Kingdom,EC3M,994-379-6766,jonge1u@hotmail.com,82.115.177.208
68,Mathian,Hoffman,Riffpath,Room 1830,Denton,United Kingdom,M34,174-240-4106,mhoffman1v@hotmail.com,112.183.223.176
69,Darcee,Wynch,Fanoodle,PO Box 82194,Norton,United Kingdom,S8,578-168-2038,dwynch1w@gmail.com,149.170.174.126
70,Shell,Sturge,Gabcube,Suite 2,Dean,United Kingdom,OX7,144-165-3580,ssturge1x@outlook.com,94.7.184.219
71,Dougy,Paris,Linklinks,Suite 4,Kirkton,United Kingdom,KW10,243-404-8105,dparis1y@gmail.com,73.132.207.106
72,Arie,Wauchope,Gigaclub,17th Floor,Thorpe,United Kingdom,BD23,424-836-2892,awauchope1z@outlook.com,40.156.118.62
73,Brittany,Waycot,Divape,Room 571,Denton,United Kingdom,M34,181-950-6406,bwaycot20@outlook.com,91.192.140.188
74,Jule,Severs,Browsecat,Apt 1698,Burnside,United Kingdom,EH52,335-370-0656,jsevers21@company.com,171.0.58.224
75,Cecilia,Tollerton,Skidoo,PO Box 16403,Newtown,United Kingdom,RG20,363-386-1524,ctollerton22@Skidoo.com,30.109.123.175
76,Ferdy,Caccavari,Yakijo,Suite 6,Stapleford,United Kingdom,LN6,834-620-5835,fcaccavari23@Yakijo.com,189.209.231.164
77,Conant,Wisdish,Topicware,5th Floor,London,United Kingdom,EC1V,944-407-6254,cwisdish24@hotmail.com,21.55.184.96
78,Belita,Connah,Centimia,PO Box 55012,Bristol,United Kingdom,BS41,964-240-1065,bconnah25@hotmail.com,74.136.35.245
79,Kendell,Sothcott,Quatz,Room 1317,Bristol,United Kingdom,BS41,178-349-6947,ksothcott26@gmail.com,255.198.225.159
80,Faina,McGibbon,Zazio,PO Box 42533,Sutton,United Kingdom,RH5,492-194-7669,fmcgibbon27@outlook.com,85.10.238.159
81,Nada,Upjohn,Skilith,PO Box 31363,Edinburgh,United Kingdom,EH9,833-149-1515,nupjohn28@gmail.com,170.85.62.124
82,Nadya,Plumer,Zoonoodle,PO Box 71846,Seaton,United Kingdom,LE15,208-762-4444,nplumer29@outlook.com,151.141.23.217
83,Sheree,Barnett,Blogpad,Apt 366,Denton,United Kingdom,M34,599-641-6592,sbarnett2a@outlook.com,153.251.94.134
84,Dalenna,Rodger,Linkbuzz,Suite 2,Birmingham,United Kingdom,B40,418-229-7164,drodger2b@company.com,55.201.71.78
85,Yulma,Manvell,Voonder,PO Box 79078,Liverpool,United Kingdom,L33,650-477-2471,ymanvell2c@Voonder.com,219.22.103.157
86,Monte,Kellaway,Bubbletube,PO Box 15945,Upton,United Kingdom,DN21,812-917-2924,mkellaway2d@Bubbletube.com,172.171.219.104
87,Celestina,Butterfield,Meevee,Apt 944,Norton,United Kingdom,NN11,606-126-2671,cbutterfield2e@hotmail.com,191.192.85.68
88,Ferdie,Thynn,Quinu,Room 94,Liverpool,United Kingdom,L74,419-670-4320,fthynn2f@hotmail.com,157.43.243.218
89,Brynna,Huntley,Eamia,PO Box 87312,Bristol,United Kingdom,BS41,858-710-1713,bhuntley2g@gmail.com,3.158.206.245
90,Issy,Abramovic,Devpoint,Room 1520,Halton,United Kingdom,LS9,182-105-0392,iabramovic2h@gmail.com,164.97.12.0
91,Sherlocke,McNee,Kaymbo,Apt 902,Langley,United Kingdom,SG4,836-715-5676,smcnee2i@gmail.com,178.41.65.101
92,Jinny,Ayre,Fivebridge,4th Floor,Aberdeen,United Kingdom,AB39,791-298-4369,jayre2j@outlook.com,227.12.9.230
93,Lavina,Wallsam,Leexo,10th Floor,Whitchurch,United Kingdom,BS14,190-833-1820,lwallsam2k@outlook.com,31.245.70.39
94,Gian,Smeal,Fanoodle,9th Floor,Norton,United Kingdom,S8,220-636-3615,gsmeal2l@outlook.com,37.177.150.84
95,Colly,Bartol,Skalith,Room 1465,Bradford,United Kingdom,BD7,128-692-5702,cbartol2m@gmail.com,134.166.164.248
96,Worden,Illidge,Yambee,Apt 64,Thorpe,United Kingdom,BD23,932-983-1466,willidge2n@outlook.com,187.32.254.164
97,Luella,Dadson,Gabcube,Suite 5,Milton,United Kingdom,NG22,220-857-7715,ldadson2o@outlook.com,15.157.7.158
98,Jenni,Brazel,Jayo,Suite 67,Birmingham,United Kingdom,B12,658-431-1122,jbrazel2p@company.com,213.122.139.77